"pathname","status","title","description","canonical","robots","h1_count","server_words","og_image","twitter_card","hreflang","schema_types"
"/","200","WATCHWORLDCUP IPTV — M3U Subscriptions for Live TV &amp; Entertainment","Choose a WATCHWORLDCUP IPTV or M3U subscription for available live TV, sports, movies and series. Compare plans and order through WhatsApp.","https://watchworldcup.us","index, follow","1","853","https://watchworldcup.us/images/og/home.webp","summary_large_image","","Answer|FAQPage|ImageObject|Organization|Question|Service|WebSite"
"/live-tv","200","Live TV IPTV Categories — WATCHWORLDCUP M3U Service | WATCHWORLDCUP","Explore the WATCHWORLDCUP live TV service structure for available sports, news, entertainment, kids, music, documentary and international categories.","https://watchworldcup.us/live-tv","index, follow","1","509","https://watchworldcup.us/images/og/live-tv.webp","summary_large_image","","Answer|BreadcrumbList|FAQPage|ListItem|Question"
"/sports","200","Sports &amp; Football IPTV — Check Current Availability | WATCHWORLDCUP","Ask WATCHWORLDCUP about currently available football, sports and live-event IPTV coverage. No official rights, league or broadcaster affiliation is implied.","https://watchworldcup.us/sports","index, follow","1","460","https://watchworldcup.us/images/og/sports.webp","summary_large_image","","Answer|BreadcrumbList|FAQPage|ListItem|Question"
"/movies","200","Movies with WATCHWORLDCUP IPTV — Catalog Availability | WATCHWORLDCUP","Explore how movie access works with WATCHWORLDCUP IPTV. Request current genres, languages, quality and title availability before ordering.","https://watchworldcup.us/movies","index, follow","1","439","https://watchworldcup.us/images/og/movies.webp","summary_large_image","","Answer|BreadcrumbList|FAQPage|ListItem|Question"
"/series","200","TV Series with WATCHWORLDCUP IPTV — Current Availability | WATCHWORLDCUP","Learn how to confirm current TV series, season, episode, genre, language and quality availability with WATCHWORLDCUP IPTV before ordering.","https://watchworldcup.us/series","index, follow","1","408","https://watchworldcup.us/images/og/series.webp","summary_large_image","","Answer|BreadcrumbList|FAQPage|ListItem|Question"
"/pricing","200","WATCHWORLDCUP IPTV Pricing — 3 Months, 6 Months or 1 Year | WATCHWORLDCUP","Compare WATCHWORLDCUP IPTV and M3U subscription prices: $25 for 3 months, $38 for 6 months, or $62 for 1 year. Order through WhatsApp.","https://watchworldcup.us/pricing","index, follow","1","755","https://watchworldcup.us/images/og/pricing.webp","summary_large_image","","Answer|BreadcrumbList|FAQPage|ListItem|Question"
"/order","200","Order WATCHWORLDCUP IPTV — Choose Plan &amp; Continue on WhatsApp | WATCHWORLDCUP","Select a WATCHWORLDCUP IPTV/M3U plan, add optional country and device compatibility details, then continue the order through WhatsApp.","https://watchworldcup.us/order","index, follow","1","478","https://watchworldcup.us/images/og/order.webp","summary_large_image","","Answer|BreadcrumbList|FAQPage|ListItem|Question"
"/setup-guides","200","IPTV M3U Setup Guide — TV, Android, iPhone, Fire TV &amp; Desktop | WATCHWORLDCUP","Prepare and configure WATCHWORLDCUP IPTV or M3U subscription details in a compatible IPTV application on supported device families.","https://watchworldcup.us/setup-guides","index, follow","1","676","https://watchworldcup.us/images/og/setup-guides.webp","summary_large_image","","Answer|BreadcrumbList|FAQPage|ListItem|Question"
"/world-cup-2026","200","World Cup 2026 Archive — Format, Teams, Hosts &amp; Replays | WATCHWORLDCUP","Explore the completed World Cup 2026 tournament format, stage dates, teams, host cities, and authorized replay information.","https://watchworldcup.us/world-cup-2026","index, follow","1","571","https://watchworldcup.us/images/og/world-cup-2026.webp","summary_large_image","","Answer|BreadcrumbList|Country|FAQPage|ListItem|Organization|Question|SportsEvent"
"/world-cup-2026/final","200","World Cup 2026 Final — Spain 1–0 Argentina After Extra Time | WATCHWORLDCUP","A source-linked archive of the World Cup 2026 final: Spain beat Argentina 1–0 after extra time through Ferran Torres’s 106th-minute goal.","https://watchworldcup.us/world-cup-2026/final","index, follow","1","542","https://watchworldcup.us/images/og/world-cup-2026--final.webp","summary_large_image","","Answer|Article|BreadcrumbList|FAQPage|ListItem|Organization|Place|PostalAddress|Question|SportsEvent|SportsTeam|WebPage"
"/world-cup-2026/final-standings","200","World Cup 2026 Final Standings — All 48 Teams Ranked | WATCHWORLDCUP","Browse the official World Cup 2026 final tournament standings from Spain at number one through all 48 teams, with finish and downloadable CSV.","https://watchworldcup.us/world-cup-2026/final-standings","index, follow","1","655","https://watchworldcup.us/images/og/world-cup-2026--final-standings.webp","summary_large_image","","Article|BreadcrumbList|DataDownload|Dataset|ListItem|Organization|WebPage"
"/world-cup-2026/awards","200","World Cup 2026 Awards — Golden Ball, Boot, Glove &amp; Young Player | WATCHWORLDCUP","See the official World Cup 2026 award winners and Golden Boot top ten, including Rodri, Kylian Mbappé, Unai Simón, and Pau Cubarsí.","https://watchworldcup.us/world-cup-2026/awards","index, follow","1","559","https://watchworldcup.us/images/og/world-cup-2026--awards.webp","summary_large_image","","Answer|Article|BreadcrumbList|FAQPage|ListItem|Organization|Question|WebPage"
"/world-cup-history","200","World Cup History — Champions, Eras &amp; Records Since 1930 | WATCHWORLDCUP","Explore men’s World Cup history from Uruguay 1930 through Spain’s 2026 title, including champion eras, title records, and an open winners dataset.","https://watchworldcup.us/world-cup-history","index, follow","1","643","https://watchworldcup.us/images/og/world-cup-history.webp","summary_large_image","","Article|BreadcrumbList|ListItem|Organization|WebPage"
"/world-cup-history/winners","200","World Cup Winners List 1930–2026 — Every Champion &amp; Final | WATCHWORLDCUP","See every men’s World Cup champion, runner-up, host and deciding result from 1930 through 2026, plus title leaders and a downloadable CSV.","https://watchworldcup.us/world-cup-history/winners","index, follow","1","811","https://watchworldcup.us/images/og/world-cup-history--winners.webp","summary_large_image","","Answer|Article|BreadcrumbList|DataDownload|Dataset|FAQPage|ListItem|Organization|Question|WebPage"
"/world-cup-history/records","200","World Cup Records — Most Titles, Finals &amp; Champion Nations | WATCHWORLDCUP","Compare men’s World Cup title leaders, final appearances, runner-up finishes, host champions, retained titles, and deciding methods through 2026.","https://watchworldcup.us/world-cup-history/records","index, follow","1","709","https://watchworldcup.us/images/og/world-cup-history--records.webp","summary_large_image","","Answer|Article|BreadcrumbList|DataDownload|Dataset|FAQPage|ListItem|Organization|Question|WebPage"
"/world-cup-2026/replays","200","Where to Watch World Cup 2026 Replays &amp; Highlights Legally | WATCHWORLDCUP","Compare authorized full-match replay and highlight options for the completed World Cup 2026, including US English and Spanish platforms.","https://watchworldcup.us/world-cup-2026/replays","index, follow","1","576","https://watchworldcup.us/images/og/world-cup-2026--replays.webp","summary_large_image","x-default:https://watchworldcup.us/world-cup-2026/replays|en-US:https://watchworldcup.us/world-cup-2026/replays/usa","Answer|Article|BreadcrumbList|FAQPage|ListItem|Organization|Question|WebPage"
"/world-cup-2026/replays/usa","200","World Cup 2026 Replays in USA — FOX, Peacock &amp; Highlights | WATCHWORLDCUP","Compare authorized US World Cup 2026 replay options in English and Spanish, including FOX, FOX One, Peacock, Telemundo, and free highlights.","https://watchworldcup.us/world-cup-2026/replays/usa","index, follow","1","561","https://watchworldcup.us/images/og/world-cup-2026--replays--usa.webp","summary_large_image","en-US:https://watchworldcup.us/world-cup-2026/replays/usa|x-default:https://watchworldcup.us/world-cup-2026/replays","Answer|Article|BreadcrumbList|FAQPage|ListItem|Organization|Question|WebPage"
"/world-cup-2026/teams","200","World Cup 2026 Teams — All 48 Nations by Group | WATCHWORLDCUP","Browse all 48 teams in the expanded World Cup 2026 tournament, organized across twelve groups of four.","https://watchworldcup.us/world-cup-2026/teams","index, follow","1","398","https://watchworldcup.us/images/og/world-cup-2026--teams.webp","summary_large_image","","BreadcrumbList|ListItem"
"/world-cup-2026/host-cities","200","World Cup 2026 Host Cities — Canada, Mexico &amp; USA | WATCHWORLDCUP","Explore the 16 host cities that staged World Cup 2026 matches across Canada, Mexico, and the United States.","https://watchworldcup.us/world-cup-2026/host-cities","index, follow","1","351","https://watchworldcup.us/images/og/world-cup-2026--host-cities.webp","summary_large_image","","BreadcrumbList|ListItem"
"/guides","200","Sports Streaming Guides — Devices, 4K, Speed &amp; Buffering | WATCHWORLDCUP","Evidence-led guides for 4K sports streaming, internet speed, buffering diagnosis, device selection, and legal IPTV basics.","https://watchworldcup.us/guides","index, follow","1","443","https://watchworldcup.us/images/og/guides.webp","summary_large_image","","BreadcrumbList|ListItem"
"/guides/is-iptv-legal","200","Is IPTV Legal? Technology, Licensing &amp; Warning Signs | WATCHWORLDCUP","IPTV is a delivery technology; legality depends on content rights. Learn how to identify licensed services, risky claims, and safer alternatives.","https://watchworldcup.us/guides/is-iptv-legal","index, follow","1","631","https://watchworldcup.us/images/og/guides--is-iptv-legal.webp","summary_large_image","","Answer|Article|BreadcrumbList|FAQPage|ListItem|Organization|Question|WebPage"
"/guides/watch-soccer-without-cable","200","How to Watch Soccer Without Cable Legally in the USA | WATCHWORLDCUP","Compare legal ways to watch soccer without cable in the United States using antennas, direct streaming apps, live TV services, and replays.","https://watchworldcup.us/guides/watch-soccer-without-cable","index, follow","1","686","https://watchworldcup.us/images/og/guides--watch-soccer-without-cable.webp","summary_large_image","","Answer|Article|BreadcrumbList|FAQPage|ListItem|Organization|Question|WebPage"
"/guides/streaming-latency","200","Sports Streaming Delay Explained — Latency, HLS &amp; Spoilers | WATCHWORLDCUP","Understand why live sports streams run behind broadcast, how HLS segments and player buffers add delay, and which tests can isolate the cause.","https://watchworldcup.us/guides/streaming-latency","index, follow","1","580","https://watchworldcup.us/images/og/guides--streaming-latency.webp","summary_large_image","","Answer|Article|BreadcrumbList|FAQPage|ListItem|Organization|Question|WebPage"
"/guides/sports-streaming-accessibility","200","Sports Streaming Accessibility Checklist | WATCHWORLDCUP","Check captions, commentary languages, audio description, keyboard access, contrast, and replay controls before choosing a sports platform.","https://watchworldcup.us/guides/sports-streaming-accessibility","index, follow","1","529","https://watchworldcup.us/images/og/guides--sports-streaming-accessibility.webp","summary_large_image","","Answer|Article|BreadcrumbList|FAQPage|ListItem|Organization|Question|WebPage"
"/data","200","Open World Cup Data Catalog — CSV, JSON &amp; Provenance | WATCHWORLDCUP","Download WATCHWORLDCUP’s replay-source, 2026 standings, historical winners, and title-record datasets in CSV or JSON with provenance and checksums.","https://watchworldcup.us/data","index, follow","1","749","https://watchworldcup.us/images/og/data.webp","summary_large_image","","BreadcrumbList|DataCatalog|DataDownload|Dataset|ListItem"
"/research","200","WATCHWORLDCUP Research — Streaming Tests &amp; Open Templates | WATCHWORLDCUP","Open methodology, downloadable measurement templates, and future first-party research on sports streaming devices, latency, quality, and accessibility.","https://watchworldcup.us/research","index, follow","1","417","https://watchworldcup.us/images/og/research.webp","summary_large_image","","BreadcrumbList|ListItem"
"/research/streaming-benchmark-methodology","200","Sports Streaming Benchmark Methodology — Open Test Protocol | WATCHWORLDCUP","A reproducible protocol for measuring startup time, buffering, frame drops, latency, quality, captions, and device behavior in sports streaming apps.","https://watchworldcup.us/research/streaming-benchmark-methodology","index, follow","1","490","https://watchworldcup.us/images/og/research--streaming-benchmark-methodology.webp","summary_large_image","","Article|BreadcrumbList|ListItem|Organization|WebPage"
"/research/world-cup-2026-replay-source-tracker","200","World Cup 2026 Replay Source Tracker — Open Dataset | WATCHWORLDCUP","A manually checked dataset of authorized World Cup 2026 replay and highlight pages, with region, language, access, verification, and dates.","https://watchworldcup.us/research/world-cup-2026-replay-source-tracker","index, follow","1","512","https://watchworldcup.us/images/og/research--world-cup-2026-replay-source-tracker.webp","summary_large_image","","BreadcrumbList|DataDownload|Dataset|ListItem"
"/updates","200","Site &amp; Dataset Updates — WATCHWORLDCUP Changelog | WATCHWORLDCUP","Dated changes to WATCHWORLDCUP sources, datasets, editorial coverage, technical quality, and correction status.","https://watchworldcup.us/updates","index, follow","1","739","https://watchworldcup.us/images/og/updates.webp","summary_large_image","","BreadcrumbList|ListItem"
"/about","200","About WATCHWORLDCUP IPTV — Service, Brand &amp; Standards | WATCHWORLDCUP","Learn how WATCHWORLDCUP provides IPTV and M3U subscription plans while limiting catalog, quality, compatibility and rights claims to verified information.","https://watchworldcup.us/about","index, follow","1","389","https://watchworldcup.us/images/og/about.webp","summary_large_image","","BreadcrumbList|ImageObject|ListItem|Organization"
"/editorial-policy","200","Editorial Policy — Sources, Testing, AI &amp; Updates | WATCHWORLDCUP","How WATCHWORLDCUP researches, verifies, authors, updates, discloses automation, and corrects tournament and streaming guidance.","https://watchworldcup.us/editorial-policy","index, follow","1","484","https://watchworldcup.us/images/og/editorial-policy.webp","summary_large_image","","BreadcrumbList|ListItem"
"/corrections","200","Corrections Policy | WATCHWORLDCUP","How to report factual errors, broken sources, rights changes, accessibility problems, or material updates to WATCHWORLDCUP.","https://watchworldcup.us/corrections","index, follow","1","297","https://watchworldcup.us/images/og/corrections.webp","summary_large_image","","BreadcrumbList|ListItem"
"/contact","200","Contact WATCHWORLDCUP | WATCHWORLDCUP","Contact WATCHWORLDCUP through its published WhatsApp channel for corrections, source updates, accessibility feedback or website support.","https://watchworldcup.us/contact","index, follow","1","290","https://watchworldcup.us/images/og/contact.webp","summary_large_image","","BreadcrumbList|ListItem"
"/support","200","WATCHWORLDCUP IPTV Support — Setup, Orders &amp; Troubleshooting | WATCHWORLDCUP","Find help with WATCHWORLDCUP IPTV orders, M3U setup, compatible apps, buffering diagnostics, replay-source corrections and support questions.","https://watchworldcup.us/support","index, follow","1","337","https://watchworldcup.us/images/og/support.webp","summary_large_image","","Answer|BreadcrumbList|FAQPage|ListItem|Question"
"/privacy-policy","200","WATCHWORLDCUP Privacy Policy | WATCHWORLDCUP","How WATCHWORLDCUP handles website access, WhatsApp ordering, support messages, technical logs, subscription credentials and privacy requests.","https://watchworldcup.us/privacy-policy","index, follow","1","578","https://watchworldcup.us/images/og/privacy-policy.webp","summary_large_image","",""
"/terms-of-service","200","WATCHWORLDCUP IPTV Terms of Service | WATCHWORLDCUP","Terms for WATCHWORLDCUP IPTV and M3U plan information, WhatsApp ordering, availability, compatibility, credentials, payments and third parties.","https://watchworldcup.us/terms-of-service","index, follow","1","625","https://watchworldcup.us/images/og/terms-of-service.webp","summary_large_image","",""
"/guides/internet-speed-4k-sports","200","Internet Speed for 4K Sports Streaming: Calculator &amp; Guide | WATCHWORLDCUP","Calculate the practical internet speed needed for SD, HD, 4K, and 8K IPTV, including multiple streams, Wi-Fi overhead, and other household traffic.","https://watchworldcup.us/guides/internet-speed-4k-sports","index, follow","1","1214","https://watchworldcup.us/images/og/guides--internet-speed-4k-sports.webp","summary_large_image","","Answer|Article|BreadcrumbList|FAQPage|ListItem|Organization|Question|WebPage"
"/guides/stop-sports-buffering","200","How to Stop Live Sports Buffering: A Diagnostic Guide | WATCHWORLDCUP","Diagnose IPTV buffering step by step by separating internet, Wi-Fi, device, app, and provider-side causes instead of trying random fixes.","https://watchworldcup.us/guides/stop-sports-buffering","index, follow","1","1189","https://watchworldcup.us/images/og/guides--stop-sports-buffering.webp","summary_large_image","","Answer|Article|BreadcrumbList|FAQPage|ListItem|Organization|Question|WebPage"
"/guides/best-device-live-sports","200","Best Streaming Device for Live Sports: Fire TV vs Apple TV | WATCHWORLDCUP","Compare IPTV device types by 4K support, Ethernet, app flexibility, codec compatibility, storage, updates, and ease of use.","https://watchworldcup.us/guides/best-device-live-sports","index, follow","1","1125","https://watchworldcup.us/images/og/guides--best-device-live-sports.webp","summary_large_image","","Answer|Article|BreadcrumbList|FAQPage|ListItem|Organization|Question|WebPage"
"/guides/4k-hdr-sports-setup","200","4K HDR Sports Streaming Checklist: TV, Device, HDMI and Network | WATCHWORLDCUP","Verify every link in a 4K IPTV setup—from the stream and decoder to HDMI, television settings, HDR, and network capacity.","https://watchworldcup.us/guides/4k-hdr-sports-setup","index, follow","1","1080","https://watchworldcup.us/images/og/guides--4k-hdr-sports-setup.webp","summary_large_image","","Answer|Article|BreadcrumbList|FAQPage|ListItem|Organization|Question|WebPage"
